n, time_strassen, time_blas
 1, 4e-06, 9.2e-05 
 2, 7e-06, 0.000163 
 4, 5e-06, 9e-05 
 8, 5e-06, 0.000104 
 16, 1.8e-05, 0.000166 
 32, 2e-05, 9.7e-05 
 64, 0.000112, 0.000231 
 128, 0.000415, 0.067123 
 256, 0.05718, 0.04686 
 512, 0.269083, 0.028103 
 1024, 2.07833, 0.115712 
 2048, 18.2958, 0.49921 
 4096, 122.332, 3.58749 
