n, time_strassen, time_blas
 0, 3e-06, 5e-06 
 50, 0.087718, 0.000271 
 100, 0.522865, 0.006905 
 150, 0.780042, 0.024529 
 200, 0.78962, 0.051352 
 250, 0.780871, 0.002407 
 300, 2.75906, 0.003224 
 350, 2.6683, 0.004445 
 400, 2.58019, 0.005335 
 450, 2.76795, 0.006577 
 500, 2.45637, 0.023027 
 550, 16.7956, 0.011672 
 600, 16.3375, 0.037966 
 650, 16.389, 0.037288 
 700, 16.5497, 0.028466 
