n, time_strassen, time_blas
 1, 0, 2.7e-05 
 2, 5e-06, 3e-06 
 4, 6e-06, 2e-06 
 8, 1.9e-05, 3e-06 
 16, 0.000106, 5e-06 
 32, 0.000816, 2.3e-05 
 64, 0.005692, 0.000126 
 128, 0.039763, 0.001079 
 256, 0.271327, 0.008033 
 512, 1.92249, 0.061064 
 1024, 13.3205, 0.482846 
 2048, 94.1854, 4.04828 
 4096, 667.331, 32.3718 
