n, time_strassen, time_blas
 1, 2e-06, 8.7e-05 
 2, 8e-06, 0.000146 
 4, 2.7e-05, 8.2e-05 
 8, 0.000166, 0.0001 
 16, 0.001224, 0.000123 
 32, 0.010213, 0.000149 
 64, 0.055317, 0.000259 
 128, 0.452136, 0.053173 
 256, 0.691479, 0.027984 
 512, 2.46936, 0.025649 
 1024, 14.8072, 0.100949 
 2048, 100.555, 0.498967 
