n, time_strassen, time_blas
 1, 3e-06, 0.000117 
 2, 2.4e-05, 0.000156 
 4, 3.1e-05, 0.00012 
 8, 0.000122, 0.000116 
 16, 0.00101, 0.000192 
 32, 0.006231, 0.000169 
 64, 0.046266, 0.000365 
 128, 0.316341, 0.009722 
 256, 0.665967, 0.002013 
 512, 1.71846, 0.00871 
 1024, 9.17947, 0.05769 
 2048, 60.8189, 0.393215 
 4096, 429.903, 2.82913 
