n, time_strassen, time_blas
 1, 2.1e-05, 0.004667 
 2, 2.2e-05, 0.000832 
 4, 1.3e-05, 0.000106 
 8, 8e-05, 0.000137 
 16, 0.000457, 0.000119 
 32, 0.003239, 0.000117 
 64, 0.026748, 0.000293 
 128, 0.222512, 0.017988 
 256, 0.582592, 0.01237 
 512, 1.26176, 0.017914 
 1024, 5.76936, 0.052556 
 2048, 37.7291, 0.47318 
 4096, 260.921, 3.25843 
 8192, 1907.79, 24.5799 
 16384, 13261.9, 254.946 
