n, time_strassen, time_blas
 1, 1e-06, 7e-06 
 2, 1e-06, 6e-06 
 4, 2e-06, 6e-06 
 8, 1.2e-05, 7e-06 
 16, 7.8e-05, 1e-05 
 32, 0.000563, 3.8e-05 
 64, 0.003918, 0.000274 
 128, 0.022937, 0.002357 
 256, 0.133799, 0.011247 
 512, 0.931615, 0.079821 
 1024, 6.60991, 0.653202 
 2048, 47.6415, 5.31315 
 4096, 320.887, 41.7092 
 8192, 2244.26, 334.942 
