n, time_strassen, time_blas
 1, 4e-06, 0.000116 
 2, 5e-06, 0.000102 
 4, 6e-06, 0.000119 
 8, 4e-06, 0.000107 
 16, 1.2e-05, 0.000145 
 32, 3.1e-05, 0.000138 
 64, 0.000139, 0.000271 
 128, 0.000425, 0.046665 
 256, 0.014836, 0.020225 
 512, 0.105037, 0.018501 
 1024, 1.31364, 0.088006 
 2048, 7.35908, 0.521349 
 4096, 48.677, 3.72555 
 8192, 362.536, 26.1062 
 16384, 2553.96, 207.048 
